ID,NAME,AGE,ADDRESS,SALARY
1,Customer_1,56,HYDERABAD,8295
2,Customer_2,46,BANGALORE,19456
3,Customer_3,32,BANGALORE,5225
4,Customer_4,25,HYDERABAD,3316
5,Customer_5,38,MUMBAI,14337
6,Customer_6,56,DELHI,8807
7,Customer_7,36,DELHI,5683
8,Customer_8,40,DELHI,9227
9,Customer_9,28,BANGALORE,5273
10,Customer_10,28,BANGALORE,2145
11,Customer_11,41,MUMBAI,7010
12,Customer_12,53,DELHI,18035
13,Customer_13,57,DELHI,5040
14,Customer_14,41,HYDERABAD,11654
15,Customer_15,20,BANGALORE,18866
16,Customer_16,39,DELHI,19633
17,Customer_17,19,MUMBAI,19014
18,Customer_18,41,MUMBAI,16996
19,Customer_19,47,DELHI,18336
20,Customer_20,55,BANGALORE,10853
21,Customer_21,19,MUMBAI,13695
22,Customer_22,38,HYDERABAD,4852
23,Customer_23,50,MUMBAI,18014
24,Customer_24,29,PUNE,2987
25,Customer_25,39,PUNE,9622
26,Customer_26,42,BANGALORE,11160
27,Customer_27,44,DELHI,19484
28,Customer_28,59,BANGALORE,8652
29,Customer_29,45,BANGALORE,9421
30,Customer_30,33,BANGALORE,2769
31,Customer_31,32,BANGALORE,19727
32,Customer_32,20,HYDERABAD,16114
33,Customer_33,54,HYDERABAD,6358
34,Customer_34,24,MUMBAI,13543
35,Customer_35,38,PUNE,7699
36,Customer_36,26,BANGALORE,19625
37,Customer_37,56,MUMBAI,3125
38,Customer_38,35,PUNE,12793
39,Customer_39,21,DELHI,8764
40,Customer_40,42,HYDERABAD,14323
41,Customer_41,31,PUNE,15031
42,Customer_42,26,DELHI,16052
43,Customer_43,43,PUNE,14640
44,Customer_44,19,HYDERABAD,9843
45,Customer_45,37,HYDERABAD,16210
46,Customer_46,45,MUMBAI,18456
47,Customer_47,24,BANGALORE,12106
48,Customer_48,25,PUNE,7189
49,Customer_49,52,PUNE,4472
50,Customer_50,31,DELHI,19091
51,Customer_51,34,HYDERABAD,8704
52,Customer_52,53,PUNE,5713
53,Customer_53,57,HYDERABAD,7051
54,Customer_54,21,PUNE,12756
55,Customer_55,19,MUMBAI,4475
56,Customer_56,23,BANGALORE,5610
57,Customer_57,59,PUNE,6255
58,Customer_58,21,HYDERABAD,16484
59,Customer_59,46,MUMBAI,3735
60,Customer_60,35,PUNE,10258
61,Customer_61,43,DELHI,9979
62,Customer_62,51,BANGALORE,4428
63,Customer_63,27,PUNE,14345
64,Customer_64,53,MUMBAI,9426
65,Customer_65,31,DELHI,10533
66,Customer_66,48,MUMBAI,7249
67,Customer_67,32,MUMBAI,11686
68,Customer_68,25,DELHI,16109
69,Customer_69,31,MUMBAI,2661
70,Customer_70,40,DELHI,14075
71,Customer_71,57,PUNE,16788
72,Customer_72,38,DELHI,12060
73,Customer_73,33,DELHI,17836
74,Customer_74,35,BANGALORE,12526
75,Customer_75,41,DELHI,5374
76,Customer_76,43,DELHI,2207
77,Customer_77,42,PUNE,4665
78,Customer_78,58,BANGALORE,2632
79,Customer_79,46,HYDERABAD,5083
80,Customer_80,32,PUNE,15711
81,Customer_81,18,PUNE,12123
82,Customer_82,42,HYDERABAD,9123
83,Customer_83,24,DELHI,12754
84,Customer_84,26,MUMBAI,3679
85,Customer_85,41,BANGALORE,17901
86,Customer_86,18,MUMBAI,2236
87,Customer_87,25,HYDERABAD,9446
88,Customer_88,41,PUNE,6443
89,Customer_89,28,PUNE,17463
90,Customer_90,34,BANGALORE,10555
91,Customer_91,25,PUNE,18669
92,Customer_92,52,PUNE,2148
93,Customer_93,52,BANGALORE,15395
94,Customer_94,50,BANGALORE,6895
95,Customer_95,22,HYDERABAD,19396
96,Customer_96,59,PUNE,13023
97,Customer_97,56,PUNE,12699
98,Customer_98,58,HYDERABAD,11715
99,Customer_99,45,DELHI,18163
100,Customer_100,24,DELHI,7782
101,Customer_101,26,DELHI,18724
102,Customer_102,25,HYDERABAD,4817
103,Customer_103,29,PUNE,17096
104,Customer_104,51,HYDERABAD,7299
105,Customer_105,50,HYDERABAD,11917
106,Customer_106,40,DELHI,5267
107,Customer_107,41,MUMBAI,6406
108,Customer_108,54,PUNE,19826
109,Customer_109,52,DELHI,12382
110,Customer_110,57,MUMBAI,6437
111,Customer_111,39,MUMBAI,7435
112,Customer_112,44,BANGALORE,6107
113,Customer_113,52,PUNE,2560
114,Customer_114,18,MUMBAI,14329
115,Customer_115,52,DELHI,3826
116,Customer_116,54,BANGALORE,13421
117,Customer_117,31,PUNE,14265
118,Customer_118,20,HYDERABAD,9629
119,Customer_119,18,DELHI,10325
120,Customer_120,22,MUMBAI,9693
121,Customer_121,43,MUMBAI,10264
122,Customer_122,31,DELHI,14686
123,Customer_123,56,MUMBAI,15716
124,Customer_124,44,BANGALORE,8721
125,Customer_125,26,PUNE,9373
126,Customer_126,32,BANGALORE,7907
127,Customer_127,32,MUMBAI,18127
128,Customer_128,43,HYDERABAD,7656
129,Customer_129,59,PUNE,10984
130,Customer_130,30,PUNE,10286
131,Customer_131,49,DELHI,7901
132,Customer_132,56,DELHI,6917
133,Customer_133,49,HYDERABAD,10429
134,Customer_134,21,PUNE,16716
135,Customer_135,47,HYDERABAD,17795
136,Customer_136,54,DELHI,13138
137,Customer_137,40,DELHI,4530
138,Customer_138,56,PUNE,19432
139,Customer_139,32,BANGALORE,7772
140,Customer_140,46,MUMBAI,17476
141,Customer_141,53,DELHI,17751
142,Customer_142,30,DELHI,4964
143,Customer_143,49,BANGALORE,9137
144,Customer_144,24,BANGALORE,19347
145,Customer_145,39,HYDERABAD,18920
146,Customer_146,45,HYDERABAD,15891
147,Customer_147,19,MUMBAI,9340
148,Customer_148,59,MUMBAI,9967
149,Customer_149,23,PUNE,14415
150,Customer_150,45,HYDERABAD,13871
151,Customer_151,45,DELHI,13916
152,Customer_152,37,HYDERABAD,10734
153,Customer_153,47,DELHI,2845
154,Customer_154,28,BANGALORE,4494
155,Customer_155,45,HYDERABAD,14677
156,Customer_156,42,BANGALORE,14330
157,Customer_157,56,MUMBAI,7179
158,Customer_158,50,MUMBAI,8610
159,Customer_159,18,PUNE,8430
160,Customer_160,44,HYDERABAD,9154
161,Customer_161,30,BANGALORE,15828
162,Customer_162,58,DELHI,12145
163,Customer_163,20,MUMBAI,8488
164,Customer_164,56,MUMBAI,5850
165,Customer_165,23,DELHI,19073
166,Customer_166,25,BANGALORE,15564
167,Customer_167,44,BANGALORE,7078
168,Customer_168,26,HYDERABAD,14168
169,Customer_169,54,HYDERABAD,7448
170,Customer_170,50,PUNE,19563
171,Customer_171,59,MUMBAI,11074
172,Customer_172,41,HYDERABAD,8406
173,Customer_173,32,BANGALORE,10800
174,Customer_174,49,DELHI,16083
175,Customer_175,49,BANGALORE,3638
176,Customer_176,41,MUMBAI,12340
177,Customer_177,58,BANGALORE,3382
178,Customer_178,29,PUNE,3403
179,Customer_179,56,MUMBAI,11011
180,Customer_180,19,DELHI,5292
181,Customer_181,20,PUNE,11011
182,Customer_182,54,MUMBAI,2419
183,Customer_183,34,DELHI,14411
184,Customer_184,19,PUNE,6517
185,Customer_185,19,PUNE,17422
186,Customer_186,45,MUMBAI,11700
187,Customer_187,40,HYDERABAD,7693
188,Customer_188,54,PUNE,2767
189,Customer_189,49,PUNE,16818
190,Customer_190,50,DELHI,3549
191,Customer_191,18,BANGALORE,11956
192,Customer_192,36,MUMBAI,8140
193,Customer_193,19,MUMBAI,12837
194,Customer_194,43,HYDERABAD,5716
195,Customer_195,49,HYDERABAD,6481
196,Customer_196,23,MUMBAI,8548
197,Customer_197,49,HYDERABAD,6837
198,Customer_198,21,DELHI,9758
199,Customer_199,28,MUMBAI,12900
200,Customer_200,34,HYDERABAD,9993
201,Customer_201,55,MUMBAI,7542
202,Customer_202,41,BANGALORE,16828
203,Customer_203,22,PUNE,18052
204,Customer_204,51,MUMBAI,4385
205,Customer_205,23,PUNE,16308
206,Customer_206,39,HYDERABAD,2671
207,Customer_207,28,PUNE,2163
208,Customer_208,33,MUMBAI,10656
209,Customer_209,50,BANGALORE,13234
210,Customer_210,26,HYDERABAD,6795
211,Customer_211,23,MUMBAI,12634
212,Customer_212,33,HYDERABAD,6798
213,Customer_213,46,DELHI,12749
214,Customer_214,20,PUNE,7827
215,Customer_215,37,DELHI,6719
216,Customer_216,53,MUMBAI,2593
217,Customer_217,36,BANGALORE,9394
218,Customer_218,43,HYDERABAD,16056
219,Customer_219,20,PUNE,12636
220,Customer_220,36,HYDERABAD,2016
221,Customer_221,37,MUMBAI,5191
222,Customer_222,49,HYDERABAD,2392
223,Customer_223,24,PUNE,8272
224,Customer_224,58,MUMBAI,18955
225,Customer_225,50,HYDERABAD,5631
226,Customer_226,57,BANGALORE,8172
227,Customer_227,56,MUMBAI,11312
228,Customer_228,35,MUMBAI,10906
229,Customer_229,57,BANGALORE,19159
230,Customer_230,18,DELHI,18462
231,Customer_231,28,PUNE,10080
232,Customer_232,45,DELHI,9099
233,Customer_233,42,HYDERABAD,16916
234,Customer_234,40,BANGALORE,9083
235,Customer_235,48,DELHI,11223
236,Customer_236,47,MUMBAI,6940
237,Customer_237,59,HYDERABAD,5456
238,Customer_238,52,HYDERABAD,9788
239,Customer_239,24,DELHI,4711
240,Customer_240,33,DELHI,13280
241,Customer_241,43,BANGALORE,18531
242,Customer_242,19,PUNE,14089
243,Customer_243,18,DELHI,12142
244,Customer_244,29,DELHI,18749
245,Customer_245,22,MUMBAI,17587
246,Customer_246,54,HYDERABAD,11866
247,Customer_247,49,PUNE,6531
248,Customer_248,26,MUMBAI,14686
249,Customer_249,58,BANGALORE,7330
250,Customer_250,52,BANGALORE,7510
251,Customer_251,36,DELHI,10964
252,Customer_252,33,DELHI,8493
253,Customer_253,20,BANGALORE,12759
254,Customer_254,37,DELHI,7439
255,Customer_255,41,PUNE,16473
256,Customer_256,50,DELHI,11765
257,Customer_257,41,HYDERABAD,15279
258,Customer_258,28,DELHI,8511
259,Customer_259,25,MUMBAI,13483
260,Customer_260,53,PUNE,19630
261,Customer_261,55,MUMBAI,4376
262,Customer_262,57,MUMBAI,13824
263,Customer_263,37,HYDERABAD,8979
264,Customer_264,52,PUNE,11832
265,Customer_265,42,PUNE,14504
266,Customer_266,52,PUNE,8910
267,Customer_267,42,PUNE,16089
268,Customer_268,46,PUNE,4196
269,Customer_269,35,HYDERABAD,7978
270,Customer_270,35,DELHI,19153
271,Customer_271,19,MUMBAI,2780
272,Customer_272,52,PUNE,11908
273,Customer_273,33,DELHI,8303
274,Customer_274,58,DELHI,16686
275,Customer_275,53,MUMBAI,5983
276,Customer_276,50,HYDERABAD,11503
277,Customer_277,21,BANGALORE,18905
278,Customer_278,50,BANGALORE,15070
279,Customer_279,31,DELHI,14232
280,Customer_280,38,MUMBAI,6583
281,Customer_281,37,BANGALORE,7946
282,Customer_282,25,DELHI,18377
283,Customer_283,24,HYDERABAD,9128
284,Customer_284,20,BANGALORE,13889
285,Customer_285,34,DELHI,14275
286,Customer_286,50,DELHI,4461
287,Customer_287,29,PUNE,16291
288,Customer_288,39,HYDERABAD,16036
289,Customer_289,39,PUNE,13435
290,Customer_290,47,MUMBAI,2685
291,Customer_291,55,PUNE,14258
292,Customer_292,55,PUNE,17990
293,Customer_293,25,BANGALORE,18422
294,Customer_294,44,DELHI,12736
295,Customer_295,44,HYDERABAD,6875
296,Customer_296,51,PUNE,19640
297,Customer_297,38,HYDERABAD,13182
298,Customer_298,47,PUNE,4196
299,Customer_299,50,MUMBAI,9165
300,Customer_300,45,PUNE,17997
301,Customer_301,50,BANGALORE,16215
302,Customer_302,22,DELHI,2301
303,Customer_303,36,MUMBAI,19030
304,Customer_304,21,PUNE,16571
305,Customer_305,52,HYDERABAD,11951
306,Customer_306,34,MUMBAI,12773
307,Customer_307,45,MUMBAI,18140
308,Customer_308,47,PUNE,15057
309,Customer_309,46,MUMBAI,14500
310,Customer_310,23,HYDERABAD,17921
311,Customer_311,52,MUMBAI,13870
312,Customer_312,58,HYDERABAD,6082
313,Customer_313,54,PUNE,15718
314,Customer_314,41,DELHI,12517
315,Customer_315,46,MUMBAI,5754
316,Customer_316,48,DELHI,3724
317,Customer_317,52,HYDERABAD,3376
318,Customer_318,50,MUMBAI,10706
319,Customer_319,38,BANGALORE,10894
320,Customer_320,49,DELHI,18406
321,Customer_321,40,MUMBAI,7926
322,Customer_322,50,DELHI,8251
323,Customer_323,20,MUMBAI,11496
324,Customer_324,35,PUNE,5300
325,Customer_325,42,DELHI,10553
326,Customer_326,59,BANGALORE,5727
327,Customer_327,48,BANGALORE,18898
328,Customer_328,20,HYDERABAD,18832
329,Customer_329,57,MUMBAI,8019
330,Customer_330,41,DELHI,17463
331,Customer_331,49,HYDERABAD,12047
332,Customer_332,39,DELHI,13754
333,Customer_333,40,MUMBAI,4520
334,Customer_334,19,BANGALORE,5081
335,Customer_335,44,PUNE,3428
336,Customer_336,59,BANGALORE,5967
337,Customer_337,19,HYDERABAD,8445
338,Customer_338,43,PUNE,16566
339,Customer_339,34,HYDERABAD,16042
340,Customer_340,57,MUMBAI,13329
341,Customer_341,50,PUNE,4159
342,Customer_342,26,HYDERABAD,7132
343,Customer_343,56,MUMBAI,16933
344,Customer_344,46,BANGALORE,12473
345,Customer_345,59,MUMBAI,12805
346,Customer_346,43,DELHI,5083
347,Customer_347,52,MUMBAI,19421
348,Customer_348,42,MUMBAI,15944
349,Customer_349,41,DELHI,9604
350,Customer_350,30,HYDERABAD,17379
351,Customer_351,24,HYDERABAD,5983
352,Customer_352,53,MUMBAI,3778
353,Customer_353,37,DELHI,7110
354,Customer_354,18,DELHI,14087
355,Customer_355,25,BANGALORE,19508
356,Customer_356,33,HYDERABAD,19081
357,Customer_357,31,PUNE,4179
358,Customer_358,29,HYDERABAD,11596
359,Customer_359,40,HYDERABAD,7251
360,Customer_360,32,BANGALORE,11235
361,Customer_361,45,PUNE,16871
362,Customer_362,51,BANGALORE,3013
363,Customer_363,19,PUNE,18610
364,Customer_364,49,MUMBAI,3828
365,Customer_365,40,PUNE,9909
366,Customer_366,39,BANGALORE,7588
367,Customer_367,42,HYDERABAD,15109
368,Customer_368,39,PUNE,4023
369,Customer_369,39,PUNE,16537
370,Customer_370,59,DELHI,7891
371,Customer_371,23,HYDERABAD,3080
372,Customer_372,32,MUMBAI,7036
373,Customer_373,54,BANGALORE,17379
374,Customer_374,50,MUMBAI,12822
375,Customer_375,25,HYDERABAD,4563
376,Customer_376,22,PUNE,5292
377,Customer_377,56,PUNE,5586
378,Customer_378,21,HYDERABAD,18087
379,Customer_379,23,PUNE,18100
380,Customer_380,49,PUNE,8643
381,Customer_381,47,PUNE,5959
382,Customer_382,52,BANGALORE,13005
383,Customer_383,57,BANGALORE,12775
384,Customer_384,33,DELHI,2161
385,Customer_385,30,MUMBAI,18029
386,Customer_386,59,HYDERABAD,18977
387,Customer_387,47,HYDERABAD,16226
388,Customer_388,36,HYDERABAD,13154
389,Customer_389,34,DELHI,14080
390,Customer_390,36,BANGALORE,5390
391,Customer_391,45,DELHI,7997
392,Customer_392,43,HYDERABAD,14693
393,Customer_393,54,MUMBAI,19047
394,Customer_394,43,PUNE,11324
395,Customer_395,40,BANGALORE,2541
396,Customer_396,26,BANGALORE,7093
397,Customer_397,29,DELHI,15428
398,Customer_398,18,BANGALORE,13166
399,Customer_399,18,HYDERABAD,19251
400,Customer_400,51,HYDERABAD,18063
401,Customer_401,49,DELHI,12258
402,Customer_402,42,HYDERABAD,18044
403,Customer_403,57,MUMBAI,7469
404,Customer_404,18,DELHI,8256
405,Customer_405,33,MUMBAI,12720
406,Customer_406,56,PUNE,3169
407,Customer_407,22,MUMBAI,2830
408,Customer_408,39,PUNE,3651
409,Customer_409,46,PUNE,19520
410,Customer_410,20,MUMBAI,11518
411,Customer_411,29,DELHI,15258
412,Customer_412,43,HYDERABAD,18184
413,Customer_413,33,HYDERABAD,3019
414,Customer_414,54,PUNE,12028
415,Customer_415,39,PUNE,14448
416,Customer_416,46,DELHI,14485
417,Customer_417,31,BANGALORE,3283
418,Customer_418,45,MUMBAI,19043
419,Customer_419,22,PUNE,3733
420,Customer_420,47,HYDERABAD,18230
421,Customer_421,22,DELHI,16472
422,Customer_422,29,MUMBAI,14889
423,Customer_423,33,DELHI,5471
424,Customer_424,43,MUMBAI,11028
425,Customer_425,43,MUMBAI,10329
426,Customer_426,38,PUNE,4097
427,Customer_427,56,DELHI,16082
428,Customer_428,53,DELHI,15930
429,Customer_429,50,HYDERABAD,12077
430,Customer_430,47,HYDERABAD,8397
431,Customer_431,54,PUNE,4757
432,Customer_432,40,PUNE,19833
433,Customer_433,27,BANGALORE,7017
434,Customer_434,22,HYDERABAD,18370
435,Customer_435,53,MUMBAI,9999
436,Customer_436,51,DELHI,12195
437,Customer_437,48,PUNE,4096
438,Customer_438,27,DELHI,17433
439,Customer_439,36,DELHI,12595
440,Customer_440,49,BANGALORE,17941
441,Customer_441,18,HYDERABAD,17078
442,Customer_442,22,PUNE,7105
443,Customer_443,21,DELHI,4839
444,Customer_444,33,PUNE,5384
445,Customer_445,41,MUMBAI,12851
446,Customer_446,33,BANGALORE,12053
447,Customer_447,19,MUMBAI,15493
448,Customer_448,45,PUNE,19069
449,Customer_449,49,PUNE,16139
450,Customer_450,44,HYDERABAD,9531
451,Customer_451,37,DELHI,6283
452,Customer_452,41,DELHI,9736
453,Customer_453,29,MUMBAI,9710
454,Customer_454,52,BANGALORE,3619
455,Customer_455,50,DELHI,15975
456,Customer_456,50,HYDERABAD,14835
457,Customer_457,54,MUMBAI,17261
458,Customer_458,29,MUMBAI,3431
459,Customer_459,20,HYDERABAD,11067
460,Customer_460,18,BANGALORE,6713
461,Customer_461,50,HYDERABAD,11557
462,Customer_462,57,BANGALORE,11435
463,Customer_463,27,HYDERABAD,6998
464,Customer_464,46,HYDERABAD,2162
465,Customer_465,30,PUNE,3974
466,Customer_466,29,MUMBAI,10461
467,Customer_467,48,HYDERABAD,19015
468,Customer_468,19,HYDERABAD,19289
469,Customer_469,52,DELHI,4014
470,Customer_470,40,MUMBAI,11833
471,Customer_471,34,DELHI,9896
472,Customer_472,43,MUMBAI,2204
473,Customer_473,25,DELHI,18965
474,Customer_474,46,HYDERABAD,11032
475,Customer_475,43,HYDERABAD,7347
476,Customer_476,27,PUNE,4643
477,Customer_477,43,DELHI,10017
478,Customer_478,51,BANGALORE,19258
479,Customer_479,58,PUNE,7560
480,Customer_480,24,DELHI,17892
481,Customer_481,21,DELHI,16531
482,Customer_482,28,PUNE,19073
483,Customer_483,46,HYDERABAD,6000
484,Customer_484,53,DELHI,16289
485,Customer_485,42,HYDERABAD,19055
486,Customer_486,38,PUNE,9927
487,Customer_487,53,HYDERABAD,17562
488,Customer_488,27,MUMBAI,3171
489,Customer_489,54,BANGALORE,13918
490,Customer_490,26,DELHI,11135
491,Customer_491,41,BANGALORE,8342
492,Customer_492,52,HYDERABAD,19833
493,Customer_493,52,DELHI,13929
494,Customer_494,53,HYDERABAD,4539
495,Customer_495,35,MUMBAI,5959
496,Customer_496,56,PUNE,15183
497,Customer_497,49,DELHI,7432
498,Customer_498,41,MUMBAI,3753
499,Customer_499,40,MUMBAI,12123
500,Customer_500,49,DELHI,18376
501,Customer_501,54,HYDERABAD,8588
502,Customer_502,29,MUMBAI,8304
503,Customer_503,30,BANGALORE,9345
504,Customer_504,40,MUMBAI,17352
505,Customer_505,42,HYDERABAD,2597
506,Customer_506,52,HYDERABAD,4336
507,Customer_507,58,BANGALORE,11879
508,Customer_508,47,MUMBAI,2572
509,Customer_509,34,HYDERABAD,9521
510,Customer_510,37,DELHI,8171
511,Customer_511,42,PUNE,15992
512,Customer_512,39,PUNE,13861
513,Customer_513,30,PUNE,14464
514,Customer_514,36,MUMBAI,3633
515,Customer_515,53,BANGALORE,19901
516,Customer_516,29,HYDERABAD,14485
517,Customer_517,58,DELHI,12849
518,Customer_518,36,DELHI,5648
519,Customer_519,29,MUMBAI,17177
520,Customer_520,26,PUNE,15140
521,Customer_521,24,MUMBAI,19921
522,Customer_522,45,BANGALORE,16357
523,Customer_523,31,BANGALORE,15368
524,Customer_524,48,HYDERABAD,5137
525,Customer_525,36,HYDERABAD,2097
526,Customer_526,33,BANGALORE,13407
527,Customer_527,22,BANGALORE,14722
528,Customer_528,52,BANGALORE,14924
529,Customer_529,29,MUMBAI,5750
530,Customer_530,42,BANGALORE,10535
531,Customer_531,38,DELHI,6666
532,Customer_532,53,PUNE,18009
533,Customer_533,40,BANGALORE,18994
534,Customer_534,33,PUNE,3727
535,Customer_535,56,MUMBAI,3854
536,Customer_536,59,PUNE,12800
537,Customer_537,56,MUMBAI,7055
538,Customer_538,31,DELHI,12271
539,Customer_539,48,MUMBAI,14819
540,Customer_540,22,MUMBAI,11369
541,Customer_541,52,HYDERABAD,11283
542,Customer_542,40,BANGALORE,15171
543,Customer_543,46,BANGALORE,7774
544,Customer_544,28,DELHI,8519
545,Customer_545,35,DELHI,12983
546,Customer_546,29,BANGALORE,16939
547,Customer_547,26,HYDERABAD,2781
548,Customer_548,27,BANGALORE,18282
549,Customer_549,34,HYDERABAD,8823
550,Customer_550,55,DELHI,9193
551,Customer_551,24,PUNE,4113
552,Customer_552,30,DELHI,18280
553,Customer_553,57,DELHI,15565
554,Customer_554,59,MUMBAI,12183
555,Customer_555,26,MUMBAI,19961
556,Customer_556,44,MUMBAI,11203
557,Customer_557,19,MUMBAI,17795
558,Customer_558,22,HYDERABAD,15489
559,Customer_559,46,BANGALORE,7546
560,Customer_560,54,PUNE,8852
561,Customer_561,55,DELHI,4551
562,Customer_562,36,HYDERABAD,8411
563,Customer_563,25,PUNE,18391
564,Customer_564,18,HYDERABAD,2475
565,Customer_565,39,HYDERABAD,12403
566,Customer_566,34,DELHI,9239
567,Customer_567,24,BANGALORE,8710
568,Customer_568,42,MUMBAI,10078
569,Customer_569,21,BANGALORE,4285
570,Customer_570,53,DELHI,7223
571,Customer_571,23,DELHI,15521
572,Customer_572,48,DELHI,16889
573,Customer_573,36,PUNE,8971
574,Customer_574,56,BANGALORE,13531
575,Customer_575,44,BANGALORE,16721
576,Customer_576,27,HYDERABAD,6943
577,Customer_577,43,HYDERABAD,8530
578,Customer_578,36,HYDERABAD,13116
579,Customer_579,56,DELHI,2258
580,Customer_580,20,BANGALORE,2282
581,Customer_581,30,DELHI,15937
582,Customer_582,45,PUNE,3898
583,Customer_583,37,HYDERABAD,6135
584,Customer_584,45,DELHI,8629
585,Customer_585,25,DELHI,13168
586,Customer_586,58,PUNE,2612
587,Customer_587,56,MUMBAI,16203
588,Customer_588,18,BANGALORE,19071
589,Customer_589,20,MUMBAI,4307
590,Customer_590,30,HYDERABAD,9133
591,Customer_591,45,DELHI,13205
592,Customer_592,42,PUNE,7906
593,Customer_593,50,PUNE,4591
594,Customer_594,55,BANGALORE,17149
595,Customer_595,23,MUMBAI,14150
596,Customer_596,49,BANGALORE,9183
597,Customer_597,38,DELHI,12102
598,Customer_598,33,BANGALORE,19053
599,Customer_599,38,PUNE,3283
600,Customer_600,28,PUNE,2923
601,Customer_601,54,HYDERABAD,3125
602,Customer_602,53,HYDERABAD,3529
603,Customer_603,52,DELHI,10438
604,Customer_604,36,MUMBAI,18154
605,Customer_605,37,BANGALORE,10004
606,Customer_606,35,DELHI,11752
607,Customer_607,58,HYDERABAD,12592
608,Customer_608,31,BANGALORE,5864
609,Customer_609,32,HYDERABAD,2226
610,Customer_610,48,BANGALORE,17036
611,Customer_611,18,MUMBAI,13739
612,Customer_612,20,DELHI,18648
613,Customer_613,33,BANGALORE,11587
614,Customer_614,40,PUNE,13749
615,Customer_615,28,PUNE,2645
616,Customer_616,29,BANGALORE,18299
617,Customer_617,27,BANGALORE,15675
618,Customer_618,49,BANGALORE,12964
619,Customer_619,33,PUNE,18087
620,Customer_620,25,PUNE,15537
621,Customer_621,55,BANGALORE,15269
622,Customer_622,29,HYDERABAD,11346
623,Customer_623,41,HYDERABAD,2587
624,Customer_624,45,MUMBAI,14763
625,Customer_625,25,DELHI,11177
626,Customer_626,45,HYDERABAD,6079
627,Customer_627,53,PUNE,5348
628,Customer_628,43,HYDERABAD,12785
629,Customer_629,25,MUMBAI,14328
630,Customer_630,45,MUMBAI,8450
631,Customer_631,45,DELHI,15230
632,Customer_632,54,HYDERABAD,7433
633,Customer_633,58,PUNE,3098
634,Customer_634,53,PUNE,9096
635,Customer_635,44,BANGALORE,13439
636,Customer_636,34,PUNE,11087
637,Customer_637,26,DELHI,18021
638,Customer_638,50,DELHI,8416
639,Customer_639,37,PUNE,8980
640,Customer_640,30,PUNE,13101
641,Customer_641,45,BANGALORE,9950
642,Customer_642,46,PUNE,11122
643,Customer_643,30,BANGALORE,14576
644,Customer_644,52,BANGALORE,3089
645,Customer_645,23,PUNE,6578
646,Customer_646,35,MUMBAI,11127
647,Customer_647,22,MUMBAI,12487
648,Customer_648,42,BANGALORE,2155
649,Customer_649,19,PUNE,3958
650,Customer_650,27,MUMBAI,12693
651,Customer_651,47,PUNE,8344
652,Customer_652,22,PUNE,7779
653,Customer_653,50,PUNE,5830
654,Customer_654,18,HYDERABAD,11046
655,Customer_655,35,PUNE,11794
656,Customer_656,49,HYDERABAD,2441
657,Customer_657,28,BANGALORE,16478
658,Customer_658,38,MUMBAI,6628
659,Customer_659,43,MUMBAI,8370
660,Customer_660,42,MUMBAI,11528
661,Customer_661,39,MUMBAI,19332
662,Customer_662,44,MUMBAI,13565
663,Customer_663,30,MUMBAI,10179
664,Customer_664,50,MUMBAI,18013
665,Customer_665,51,BANGALORE,18843
666,Customer_666,58,PUNE,2392
667,Customer_667,52,DELHI,14130
668,Customer_668,18,HYDERABAD,12449
669,Customer_669,38,DELHI,19522
670,Customer_670,23,DELHI,9418
671,Customer_671,45,PUNE,4454
672,Customer_672,34,PUNE,19761
673,Customer_673,22,PUNE,17223
674,Customer_674,48,MUMBAI,8701
675,Customer_675,22,BANGALORE,4597
676,Customer_676,55,MUMBAI,2141
677,Customer_677,20,BANGALORE,4659
678,Customer_678,40,BANGALORE,11031
679,Customer_679,54,DELHI,17037
680,Customer_680,54,DELHI,15970
681,Customer_681,27,BANGALORE,7661
682,Customer_682,27,BANGALORE,8142
683,Customer_683,36,MUMBAI,14109
684,Customer_684,34,MUMBAI,10787
685,Customer_685,38,DELHI,12096
686,Customer_686,31,PUNE,10472
687,Customer_687,26,BANGALORE,18807
688,Customer_688,18,MUMBAI,6249
689,Customer_689,30,DELHI,16949
690,Customer_690,21,MUMBAI,3750
691,Customer_691,18,BANGALORE,6088
692,Customer_692,57,BANGALORE,17282
693,Customer_693,49,HYDERABAD,11641
694,Customer_694,51,PUNE,7075
695,Customer_695,45,HYDERABAD,12412
696,Customer_696,48,DELHI,17686
697,Customer_697,25,MUMBAI,9230
698,Customer_698,56,DELHI,17432
699,Customer_699,43,BANGALORE,13002
700,Customer_700,51,HYDERABAD,15947
701,Customer_701,20,HYDERABAD,15686
702,Customer_702,29,HYDERABAD,19915
703,Customer_703,18,DELHI,15074
704,Customer_704,22,BANGALORE,6493
705,Customer_705,47,MUMBAI,19317
706,Customer_706,47,MUMBAI,3460
707,Customer_707,34,DELHI,16140
708,Customer_708,40,HYDERABAD,12704
709,Customer_709,32,PUNE,18669
710,Customer_710,54,DELHI,18648
711,Customer_711,38,DELHI,8816
712,Customer_712,31,BANGALORE,13639
713,Customer_713,19,MUMBAI,16424
714,Customer_714,28,DELHI,15965
715,Customer_715,56,DELHI,13240
716,Customer_716,55,HYDERABAD,2040
717,Customer_717,51,HYDERABAD,7827
718,Customer_718,55,PUNE,10259
719,Customer_719,51,BANGALORE,19371
720,Customer_720,35,PUNE,16849
721,Customer_721,47,HYDERABAD,18232
722,Customer_722,32,MUMBAI,9804
723,Customer_723,44,HYDERABAD,7374
724,Customer_724,51,BANGALORE,4524
725,Customer_725,55,HYDERABAD,11277
726,Customer_726,50,BANGALORE,11885
727,Customer_727,41,BANGALORE,2778
728,Customer_728,32,BANGALORE,3492
729,Customer_729,47,BANGALORE,19044
730,Customer_730,59,BANGALORE,19732
731,Customer_731,34,MUMBAI,15615
732,Customer_732,22,PUNE,14132
733,Customer_733,46,DELHI,12178
734,Customer_734,21,PUNE,9851
735,Customer_735,27,BANGALORE,18288
736,Customer_736,34,MUMBAI,9156
737,Customer_737,27,HYDERABAD,4044
738,Customer_738,34,MUMBAI,9368
739,Customer_739,37,BANGALORE,15635
740,Customer_740,41,MUMBAI,11168
741,Customer_741,22,MUMBAI,19111
742,Customer_742,51,BANGALORE,13328
743,Customer_743,23,MUMBAI,15319
744,Customer_744,19,DELHI,2342
745,Customer_745,30,DELHI,3447
746,Customer_746,28,MUMBAI,8581
747,Customer_747,40,HYDERABAD,13851
748,Customer_748,33,BANGALORE,8317
749,Customer_749,48,DELHI,18910
750,Customer_750,28,HYDERABAD,12088
751,Customer_751,33,MUMBAI,14946
752,Customer_752,25,HYDERABAD,18789
753,Customer_753,21,PUNE,16567
754,Customer_754,57,DELHI,16868
755,Customer_755,21,MUMBAI,11765
756,Customer_756,42,BANGALORE,14466
757,Customer_757,20,MUMBAI,19862
758,Customer_758,49,BANGALORE,12587
759,Customer_759,20,MUMBAI,2771
760,Customer_760,44,HYDERABAD,18300
761,Customer_761,46,HYDERABAD,10770
762,Customer_762,49,HYDERABAD,13093
763,Customer_763,36,PUNE,15803
764,Customer_764,38,BANGALORE,2193
765,Customer_765,22,HYDERABAD,4007
766,Customer_766,35,PUNE,19569
767,Customer_767,45,BANGALORE,13190
768,Customer_768,59,MUMBAI,11984
769,Customer_769,39,PUNE,11302
770,Customer_770,38,DELHI,9429
771,Customer_771,23,PUNE,4261
772,Customer_772,18,PUNE,8716
773,Customer_773,22,BANGALORE,10921
774,Customer_774,58,MUMBAI,6378
775,Customer_775,29,DELHI,9815
776,Customer_776,43,HYDERABAD,15778
777,Customer_777,51,HYDERABAD,14728
778,Customer_778,31,PUNE,12332
779,Customer_779,43,BANGALORE,11836
780,Customer_780,44,BANGALORE,4800
781,Customer_781,26,HYDERABAD,10333
782,Customer_782,43,DELHI,7410
783,Customer_783,39,MUMBAI,19839
784,Customer_784,47,DELHI,7808
785,Customer_785,34,MUMBAI,8796
786,Customer_786,43,HYDERABAD,12288
787,Customer_787,53,MUMBAI,19709
788,Customer_788,18,BANGALORE,19543
789,Customer_789,25,PUNE,6650
790,Customer_790,52,PUNE,6987
791,Customer_791,32,HYDERABAD,17200
792,Customer_792,39,BANGALORE,6697
793,Customer_793,31,DELHI,18724
794,Customer_794,43,BANGALORE,5828
795,Customer_795,45,PUNE,19087
796,Customer_796,40,PUNE,14605
797,Customer_797,31,BANGALORE,7482
798,Customer_798,41,BANGALORE,7463
799,Customer_799,19,PUNE,15860
800,Customer_800,43,DELHI,6912
801,Customer_801,31,HYDERABAD,6648
802,Customer_802,24,HYDERABAD,2855
803,Customer_803,20,BANGALORE,4866
804,Customer_804,40,HYDERABAD,13834
805,Customer_805,35,PUNE,18294
806,Customer_806,55,PUNE,18566
807,Customer_807,52,BANGALORE,5112
808,Customer_808,32,BANGALORE,6492
809,Customer_809,42,BANGALORE,17114
810,Customer_810,54,DELHI,3517
811,Customer_811,45,HYDERABAD,18018
812,Customer_812,27,BANGALORE,19740
813,Customer_813,56,MUMBAI,13431
814,Customer_814,34,MUMBAI,10210
815,Customer_815,56,PUNE,13595
816,Customer_816,39,HYDERABAD,14871
817,Customer_817,43,BANGALORE,14743
818,Customer_818,42,MUMBAI,11324
819,Customer_819,34,HYDERABAD,13531
820,Customer_820,30,PUNE,8588
821,Customer_821,37,DELHI,5311
822,Customer_822,42,HYDERABAD,2987
823,Customer_823,21,HYDERABAD,5321
824,Customer_824,27,DELHI,17812
825,Customer_825,20,HYDERABAD,6615
826,Customer_826,58,PUNE,17512
827,Customer_827,35,PUNE,15146
828,Customer_828,53,DELHI,15654
829,Customer_829,39,BANGALORE,5052
830,Customer_830,51,MUMBAI,2726
831,Customer_831,25,BANGALORE,5760
832,Customer_832,57,HYDERABAD,3875
833,Customer_833,36,MUMBAI,15969
834,Customer_834,59,DELHI,6033
835,Customer_835,58,DELHI,7443
836,Customer_836,54,MUMBAI,19373
837,Customer_837,23,PUNE,5744
838,Customer_838,43,MUMBAI,18977
839,Customer_839,51,HYDERABAD,3774
840,Customer_840,23,PUNE,12651
841,Customer_841,54,DELHI,2935
842,Customer_842,50,MUMBAI,15395
843,Customer_843,39,BANGALORE,5808
844,Customer_844,38,BANGALORE,18715
845,Customer_845,23,HYDERABAD,13641
846,Customer_846,23,BANGALORE,16376
847,Customer_847,21,MUMBAI,7889
848,Customer_848,47,MUMBAI,7054
849,Customer_849,28,BANGALORE,5868
850,Customer_850,47,MUMBAI,18585
851,Customer_851,48,HYDERABAD,3842
852,Customer_852,41,PUNE,12058
853,Customer_853,26,HYDERABAD,11101
854,Customer_854,20,HYDERABAD,14497
855,Customer_855,48,MUMBAI,6658
856,Customer_856,57,PUNE,13381
857,Customer_857,54,MUMBAI,9544
858,Customer_858,53,DELHI,9718
859,Customer_859,41,MUMBAI,15851
860,Customer_860,48,MUMBAI,19154
861,Customer_861,23,MUMBAI,13777
862,Customer_862,19,PUNE,3628
863,Customer_863,37,MUMBAI,2386
864,Customer_864,45,PUNE,8031
865,Customer_865,28,BANGALORE,8439
866,Customer_866,21,DELHI,15392
867,Customer_867,32,PUNE,4282
868,Customer_868,23,BANGALORE,3856
869,Customer_869,47,PUNE,17670
870,Customer_870,55,PUNE,3998
871,Customer_871,19,DELHI,7476
872,Customer_872,32,HYDERABAD,11428
873,Customer_873,28,HYDERABAD,6669
874,Customer_874,25,PUNE,14336
875,Customer_875,43,MUMBAI,11342
876,Customer_876,22,BANGALORE,9064
877,Customer_877,23,MUMBAI,9446
878,Customer_878,43,MUMBAI,19815
879,Customer_879,21,PUNE,7624
880,Customer_880,36,PUNE,9461
881,Customer_881,37,PUNE,3819
882,Customer_882,50,PUNE,12516
883,Customer_883,37,HYDERABAD,15749
884,Customer_884,29,PUNE,19514
885,Customer_885,18,HYDERABAD,4658
886,Customer_886,43,HYDERABAD,5500
887,Customer_887,31,PUNE,4120
888,Customer_888,55,DELHI,6020
889,Customer_889,54,BANGALORE,12213
890,Customer_890,28,MUMBAI,5259
891,Customer_891,53,HYDERABAD,12081
892,Customer_892,30,BANGALORE,3823
893,Customer_893,20,DELHI,19858
894,Customer_894,50,MUMBAI,15467
895,Customer_895,23,MUMBAI,8990
896,Customer_896,27,HYDERABAD,5134
897,Customer_897,22,PUNE,18743
898,Customer_898,40,DELHI,17434
899,Customer_899,27,HYDERABAD,17007
900,Customer_900,19,DELHI,12233
901,Customer_901,30,PUNE,18378
902,Customer_902,57,PUNE,3141
903,Customer_903,19,HYDERABAD,12135
904,Customer_904,37,PUNE,14966
905,Customer_905,18,BANGALORE,5361
906,Customer_906,54,MUMBAI,9835
907,Customer_907,26,HYDERABAD,13172
908,Customer_908,34,DELHI,18390
909,Customer_909,26,BANGALORE,5267
910,Customer_910,28,HYDERABAD,8564
911,Customer_911,32,PUNE,13411
912,Customer_912,41,PUNE,7906
913,Customer_913,55,PUNE,18028
914,Customer_914,52,PUNE,9611
915,Customer_915,47,DELHI,19297
916,Customer_916,48,BANGALORE,4011
917,Customer_917,22,MUMBAI,19826
918,Customer_918,31,DELHI,13246
919,Customer_919,28,DELHI,15790
920,Customer_920,26,MUMBAI,13738
921,Customer_921,51,MUMBAI,16730
922,Customer_922,29,PUNE,13120
923,Customer_923,52,DELHI,10767
924,Customer_924,52,HYDERABAD,15703
925,Customer_925,18,MUMBAI,2929
926,Customer_926,57,MUMBAI,13951
927,Customer_927,39,BANGALORE,17845
928,Customer_928,46,HYDERABAD,19438
929,Customer_929,25,HYDERABAD,17747
930,Customer_930,28,MUMBAI,7744
931,Customer_931,58,PUNE,11649
932,Customer_932,54,BANGALORE,8980
933,Customer_933,31,HYDERABAD,9069
934,Customer_934,47,MUMBAI,11591
935,Customer_935,52,HYDERABAD,2442
936,Customer_936,38,BANGALORE,6652
937,Customer_937,54,BANGALORE,11370
938,Customer_938,22,DELHI,9597
939,Customer_939,36,MUMBAI,16325
940,Customer_940,31,BANGALORE,6458
941,Customer_941,43,DELHI,8591
942,Customer_942,21,DELHI,18346
943,Customer_943,42,HYDERABAD,13826
944,Customer_944,59,HYDERABAD,16138
945,Customer_945,42,DELHI,19294
946,Customer_946,35,HYDERABAD,4169
947,Customer_947,57,BANGALORE,8313
948,Customer_948,25,PUNE,10315
949,Customer_949,56,BANGALORE,10036
950,Customer_950,57,DELHI,2785
951,Customer_951,31,DELHI,8139
952,Customer_952,49,BANGALORE,8344
953,Customer_953,55,HYDERABAD,16973
954,Customer_954,50,HYDERABAD,7619
955,Customer_955,40,DELHI,3936
956,Customer_956,32,MUMBAI,5807
957,Customer_957,50,HYDERABAD,9151
958,Customer_958,42,BANGALORE,11493
959,Customer_959,34,HYDERABAD,14355
960,Customer_960,50,BANGALORE,5236
961,Customer_961,19,DELHI,17848
962,Customer_962,31,HYDERABAD,4352
963,Customer_963,57,BANGALORE,3932
964,Customer_964,57,DELHI,12913
965,Customer_965,56,MUMBAI,10556
966,Customer_966,23,BANGALORE,7498
967,Customer_967,23,MUMBAI,12582
968,Customer_968,20,MUMBAI,19330
969,Customer_969,24,PUNE,15865
970,Customer_970,25,HYDERABAD,11569
971,Customer_971,59,BANGALORE,19823
972,Customer_972,32,MUMBAI,6857
973,Customer_973,46,PUNE,2340
974,Customer_974,50,DELHI,13181
975,Customer_975,47,BANGALORE,18766
976,Customer_976,56,MUMBAI,10491
977,Customer_977,44,HYDERABAD,2138
978,Customer_978,53,PUNE,2358
979,Customer_979,46,MUMBAI,11714
980,Customer_980,55,HYDERABAD,3627
981,Customer_981,50,MUMBAI,17996
982,Customer_982,54,BANGALORE,7004
983,Customer_983,44,BANGALORE,15283
984,Customer_984,50,BANGALORE,8652
985,Customer_985,21,PUNE,4151
986,Customer_986,39,BANGALORE,11429
987,Customer_987,19,HYDERABAD,16072
988,Customer_988,27,MUMBAI,13927
989,Customer_989,22,DELHI,8905
990,Customer_990,27,HYDERABAD,14452
991,Customer_991,50,HYDERABAD,18212
992,Customer_992,55,BANGALORE,3307
993,Customer_993,30,PUNE,16852
994,Customer_994,48,MUMBAI,4660
995,Customer_995,53,PUNE,12403
996,Customer_996,41,MUMBAI,12238
997,Customer_997,32,MUMBAI,8207
998,Customer_998,46,PUNE,3140
999,Customer_999,25,HYDERABAD,3708
1000,Customer_1000,22,MUMBAI,5630
